scene_id,category_band,funnel_stage,released,released_valid,handover_status_raw,degenerate_plane
scene_000,baseline,released,True,True,success|ACCEPT,False
scene_001,baseline,no_candidates,,,inferred|empty_candidates,False
scene_002,baseline,released,True,True,success|ACCEPT,False
scene_003,baseline,released,True,True,success|ACCEPT,False
scene_004,baseline,released,True,True,success|ACCEPT,False
scene_005,baseline,rejected,False,,success|REJECT,False
scene_006,baseline,released,True,True,success|ACCEPT,False
scene_007,baseline,released,True,True,success|ACCEPT,False
scene_008,baseline,released,True,True,success|ACCEPT,False
scene_009,baseline,rejected,False,,success|REJECT,False
scene_010,baseline,released,True,True,success|ACCEPT,False
scene_011,baseline,released,True,True,success|ACCEPT,False
scene_012,baseline,rejected,False,,success|REJECT,False
scene_013,baseline,released,True,True,success|ACCEPT,False
scene_014,baseline,no_candidates,,,inferred|empty_candidates,False
scene_015,baseline,no_candidates,,,no_target|empty_candidates,False
scene_016,baseline,no_candidates,,,inferred|empty_candidates,False
scene_017,baseline,rejected,False,,success|REJECT,False
scene_018,baseline,released,True,True,success|ACCEPT,False
scene_019,baseline,released,True,True,success|ACCEPT,False
scene_020,baseline,released,True,True,success|ACCEPT,False
scene_021,baseline,released,True,True,success|ACCEPT,False
scene_022,baseline,released,True,True,success|ACCEPT,False
scene_023,baseline,released,True,True,success|ACCEPT,False
scene_024,baseline,rejected,False,,success|REJECT,False
scene_025,baseline,no_candidates,,,no_target|empty_candidates,False
scene_026,baseline,rejected,False,,success|REJECT,False
scene_027,baseline,released,True,True,success|ACCEPT,False
scene_028,baseline,released,True,True,success|ACCEPT,False
scene_029,baseline,released,True,True,success|ACCEPT,False
scene_030,baseline,released,True,True,success|ACCEPT,False
scene_031,baseline,released,True,True,success|ACCEPT,False
scene_032,baseline,released,True,True,success|ACCEPT,False
scene_033,baseline,released,True,True,success|ACCEPT,False
scene_034,baseline,released,True,True,success|ACCEPT,False
scene_035,baseline,no_candidates,,,inferred|empty_candidates,False
scene_036,baseline,released,True,True,success|ACCEPT,False
scene_037,baseline,released,True,True,success|ACCEPT,False
scene_038,baseline,released,True,True,success|ACCEPT,False
scene_039,baseline,released,True,True,success|ACCEPT,False
scene_040,baseline,released,True,True,success|ACCEPT,False
scene_041,baseline,released,True,True,success|ACCEPT,False
scene_042,baseline,released,True,True,success|ACCEPT,False
scene_043,baseline,released,True,True,success|ACCEPT,False
scene_044,baseline,released,True,True,success|ACCEPT,False
scene_045,baseline,released,True,True,success|ACCEPT,False
scene_046,baseline,released,True,True,success|ACCEPT,False
scene_047,baseline,rejected,False,,success|REJECT,False
scene_048,baseline,rejected,False,,success|REJECT,False
scene_049,baseline,no_candidates,,,inferred|empty_candidates,False
scene_050,baseline,no_candidates,,,inferred|empty_candidates,False
scene_051,baseline,released,True,True,success|ACCEPT,False
scene_052,baseline,released,True,True,success|ACCEPT,False
scene_053,baseline,released,True,False,success|ACCEPT,False
scene_054,baseline,released,True,True,success|ACCEPT,False
scene_055,baseline,released,True,False,success|ACCEPT,False
scene_056,mixed,released,True,True,success|ACCEPT,False
scene_057,mixed,released,True,True,success|ACCEPT,False
scene_058,mixed,rejected,False,,success|REJECT,False
scene_059,mixed,no_candidates,,,no_target|empty_candidates,False
scene_060,mixed,released,True,False,success|ACCEPT,False
scene_061,mixed,released,True,False,success|ACCEPT,False
scene_062,mixed,released,True,True,success|ACCEPT,False
scene_063,mixed,released,True,True,success|ACCEPT,False
scene_064,mixed,released,True,True,success|ACCEPT,False
scene_065,mixed,rejected,False,,success|REJECT,False
scene_066,mixed,no_candidates,,,inferred|empty_candidates,False
scene_067,mixed,released,True,True,success|ACCEPT,False
scene_068,mixed,released,True,True,success|ACCEPT,False
scene_069,mixed,no_candidates,,,inferred|empty_candidates,False
scene_070,mixed,released,True,True,success|ACCEPT,False
scene_071,mixed,released,True,True,success|ACCEPT,False
scene_072,mixed,no_candidates,,,no_target|empty_candidates,False
scene_073,mixed,rejected,False,,success|REJECT,False
scene_074,mixed,rejected,False,,success|REJECT,False
scene_075,mixed,rejected,False,,success|REJECT,False
scene_076,mixed,rejected,False,,success|REJECT,False
scene_077,mixed,rejected,False,,success|REJECT,False
scene_078,mixed,released,True,True,success|ACCEPT,False
scene_079,mixed,released,True,True,success|ACCEPT,False
scene_080,mixed,rejected,False,,success|REJECT,False
scene_081,mixed,released,True,True,success|ACCEPT,False
scene_082,mixed,no_candidates,,,inferred|empty_candidates,False
scene_083,mixed,released,True,True,success|ACCEPT,False
scene_084,mixed,released,True,True,success|ACCEPT,False
scene_085,mixed,no_candidates,,,no_target|empty_candidates,False
scene_086,mixed,released,True,True,success|ACCEPT,False
scene_087,mixed,no_candidates,,,no_target|empty_candidates,False
scene_088,mixed,rejected,False,,success|REJECT,False
scene_089,mixed,released,True,True,success|ACCEPT,False
scene_090,mixed,rejected,False,,success|REJECT,False
scene_091,mixed,no_candidates,,,inferred|empty_candidates,False
scene_092,mixed,no_candidates,,,no_target|empty_candidates,False
scene_093,mixed,released,True,True,success|ACCEPT,False
scene_094,mixed,released,True,True,success|ACCEPT,False
scene_095,mixed,rejected,False,,success|REJECT,False
scene_096,mixed,released,True,True,success|ACCEPT,False
scene_097,mixed,released,True,True,success|ACCEPT,False
scene_098,mixed,released,True,True,success|ACCEPT,False
scene_099,mixed,no_candidates,,,inferred|empty_candidates,False
scene_100,mixed,no_candidates,,,no_target|empty_candidates,False
scene_101,mixed,rejected,False,,success|REJECT,False
scene_102,mixed,rejected,False,,success|REJECT,False
scene_103,mixed,released,True,False,success|ACCEPT,False
scene_104,mixed,released,True,True,success|ACCEPT,False
scene_105,mixed,released,True,False,success|ACCEPT,False
scene_106,mixed,rejected,False,,success|REJECT,False
scene_107,mixed,released,True,True,success|ACCEPT,False
scene_108,mixed,released,True,True,success|ACCEPT,False
scene_109,mixed,rejected,False,,success|REJECT,False
scene_110,mixed,released,True,True,success|ACCEPT,False
scene_111,mixed,released,True,True,success|ACCEPT,False
scene_112,mixed,released,True,False,success|ACCEPT,False
scene_113,mixed,rejected,False,,success|REJECT,False
scene_114,mixed,released,True,True,success|ACCEPT,False
scene_115,mixed,no_candidates,,,inferred|empty_candidates,False
scene_116,mixed,no_candidates,,,no_target|empty_candidates,False
scene_117,mixed,rejected,False,,success|REJECT,False
scene_118,mixed,released,True,True,success|ACCEPT,False
scene_119,mixed,released,True,True,success|ACCEPT,False
scene_120,mixed,released,True,True,success|ACCEPT,False
scene_121,mixed,released,True,True,success|ACCEPT,False
scene_122,mixed,rejected,False,,success|REJECT,False
scene_123,mixed,rejected,False,,success|REJECT,False
scene_124,mixed,released,True,True,success|ACCEPT,False
scene_125,mixed,no_candidates,,,no_target|empty_candidates,False
scene_126,mixed,rejected,False,,success|REJECT,False
scene_127,mixed,released,True,True,success|ACCEPT,False
scene_128,mixed,no_candidates,,,inferred|empty_candidates,False
scene_129,mixed,rejected,False,,success|REJECT,False
scene_130,mixed,released,True,True,success|ACCEPT,False
scene_131,mixed,rejected,False,,success|REJECT,False
scene_132,mixed,no_candidates,,,inferred|empty_candidates,False
scene_133,mixed,released,True,True,success|ACCEPT,False
scene_134,mixed,released,True,True,success|ACCEPT,False
scene_135,mixed,released,True,True,success|ACCEPT,False
scene_136,mixed,released,True,True,success|ACCEPT,False
scene_137,mixed,no_candidates,,,inferred|empty_candidates,False
scene_138,mixed,rejected,False,,success|REJECT,False
scene_139,mixed,released,True,True,success|ACCEPT,False
scene_140,mixed,no_candidates,,,no_target|empty_candidates,False
scene_141,mixed,released,True,False,success|ACCEPT,False
scene_142,mixed,no_candidates,,,inferred|empty_candidates,False
scene_143,mixed,released,True,True,success|ACCEPT,False
scene_144,mixed,no_candidates,,,no_target|empty_candidates,False
scene_145,mixed,released,True,True,success|ACCEPT,False
scene_146,mixed,no_candidates,,,inferred|empty_candidates,False
scene_147,mixed,released,True,True,success|ACCEPT,False
scene_148,mixed,released,True,True,success|ACCEPT,False
scene_149,mixed,released,True,False,success|ACCEPT,False
scene_150,mixed,rejected,False,,success|REJECT,False
scene_151,mixed,rejected,False,,success|REJECT,False
scene_152,mixed,rejected,False,,success|REJECT,False
scene_153,mixed,no_candidates,,,inferred|empty_candidates,False
scene_154,mixed,rejected,False,,success|REJECT,False
scene_155,mixed,released,True,True,success|ACCEPT,False
scene_156,mixed,rejected,False,,success|REJECT,False
scene_157,mixed,released,True,True,success|ACCEPT,False
scene_158,mixed,released,True,False,success|ACCEPT,False
scene_159,mixed,no_candidates,,,inferred|empty_candidates,False
scene_160,mixed,no_candidates,,,inferred|empty_candidates,False
scene_161,mixed,released,True,True,success|ACCEPT,False
scene_162,mixed,released,True,True,success|ACCEPT,False
scene_163,mixed,rejected,False,,success|REJECT,False
scene_164,mixed,released,True,True,success|ACCEPT,False
scene_165,mixed,released,True,True,success|ACCEPT,False
scene_166,mixed,released,True,True,success|ACCEPT,False
scene_167,mixed,released,True,False,success|ACCEPT,False
scene_168,mixed,no_candidates,,,inferred|empty_candidates,False
scene_169,mixed,rejected,False,,success|REJECT,False
scene_170,mixed,rejected,False,,success|REJECT,False
scene_171,mixed,released,True,True,success|ACCEPT,False
scene_172,mixed,released,True,True,success|ACCEPT,False
scene_173,mixed,released,True,False,success|ACCEPT,False
scene_174,mixed,no_candidates,,,inferred|empty_candidates,False
scene_175,mixed,released,True,True,success|ACCEPT,False
scene_176,mixed,released,True,True,success|ACCEPT,False
scene_177,mixed,rejected,False,,success|REJECT,False
scene_178,mixed,no_candidates,,,inferred|empty_candidates,False
scene_179,mixed,released,True,True,success|ACCEPT,False
scene_180,mixed,released,True,True,success|ACCEPT,False
scene_181,mixed,no_candidates,,,no_target|empty_candidates,False
scene_182,mixed,no_candidates,,,inferred|empty_candidates,False
scene_183,mixed,no_candidates,,,inferred|empty_candidates,False
scene_184,mixed,released,True,True,success|ACCEPT,False
scene_185,mixed,no_candidates,,,inferred|empty_candidates,False
scene_186,mixed,rejected,False,,success|REJECT,False
scene_187,mixed,rejected,False,,success|REJECT,False
scene_188,mixed,rejected,False,,success|REJECT,False
scene_189,mixed,released,True,True,success|ACCEPT,False
scene_190,mixed,released,True,True,success|ACCEPT,False
scene_191,mixed,released,True,True,success|ACCEPT,False
scene_192,mixed,rejected,False,,success|REJECT,False
scene_193,mixed,released,True,True,success|ACCEPT,False
scene_194,mixed,released,True,True,success|ACCEPT,False
scene_195,mixed,no_candidates,,,inferred|empty_candidates,False
scene_196,mixed,released,True,True,success|ACCEPT,False
scene_197,mixed,rejected,False,,success|REJECT,False
scene_198,mixed,released,True,True,success|ACCEPT,False
scene_199,mixed,no_candidates,,,no_target|empty_candidates,False
scene_200,dense,released,True,False,success|ACCEPT,False
scene_201,dense,rejected,False,,success|REJECT,False
scene_202,dense,released,True,True,success|ACCEPT,False
scene_203,dense,rejected,False,,success|REJECT,False
scene_204,dense,released,True,False,success|ACCEPT,False
scene_205,dense,released,True,False,success|ACCEPT,False
scene_206,dense,released,True,True,success|ACCEPT,False
scene_207,dense,released,True,True,success|ACCEPT,False
scene_208,dense,released,True,True,success|ACCEPT,False
scene_209,dense,rejected,False,,success|REJECT,False
scene_210,dense,released,True,False,success|ACCEPT,False
scene_211,dense,released,True,False,success|ACCEPT,False
scene_212,dense,released,True,True,success|ACCEPT,False
scene_213,dense,released,True,False,success|ACCEPT,False
scene_214,dense,released,True,True,success|ACCEPT,False
scene_215,dense,released,True,True,success|ACCEPT,False
scene_216,dense,rejected,False,,success|REJECT,False
scene_217,dense,rejected,False,,success|REJECT,False
scene_218,dense,released,True,False,success|ACCEPT,False
scene_219,dense,released,True,True,success|ACCEPT,False
scene_220,dense,released,True,True,success|ACCEPT,False
scene_221,dense,released,True,False,success|ACCEPT,False
scene_222,dense,released,True,True,success|ACCEPT,False
scene_223,dense,released,True,False,success|ACCEPT,False
scene_224,dense,released,True,True,success|ACCEPT,False
scene_225,dense,released,True,True,success|ACCEPT,False
scene_226,dense,released,True,True,success|ACCEPT,False
scene_227,dense,rejected,False,,success|REJECT,False
scene_228,dense,released,True,False,success|ACCEPT,True
scene_229,dense,released,True,False,success|ACCEPT,False
scene_230,dense,no_candidates,,,no_target|empty_candidates,True
scene_231,dense,released,True,False,success|ACCEPT,False
scene_232,dense,rejected,False,,success|REJECT,True
scene_233,dense,rejected,False,,no_grasp,False
scene_234,dense,released,True,False,success|ACCEPT,False
scene_235,dense,released,True,False,success|ACCEPT,False
scene_236,dense,rejected,False,,success|REJECT,True
scene_237,dense,released,True,False,success|ACCEPT,False
scene_238,dense,no_candidates,,,no_target|empty_candidates,False
scene_239,dense,rejected,False,,success|REJECT,True
scene_240,dense,released,True,False,success|ACCEPT,False
scene_241,dense,released,True,True,success|ACCEPT,False
scene_242,dense,rejected,False,,success|REJECT,False
scene_243,dense,released,True,True,success|ACCEPT,False
scene_244,dense,rejected,False,,success|REJECT,False
scene_245,dense,released,True,False,success|ACCEPT,False
scene_246,dense,released,True,False,success|ACCEPT,False
scene_247,dense,released,True,False,success|ACCEPT,False
scene_248,dense,released,True,False,success|ACCEPT,False
scene_249,dense,rejected,False,,success|REJECT,True
scene_250,dense,released,True,False,success|ACCEPT,False
scene_251,dense,released,True,False,success|ACCEPT,False
scene_252,dense,released,True,False,success|ACCEPT,False
scene_253,dense,released,True,True,success|ACCEPT,False
scene_254,dense,released,True,False,success|ACCEPT,False
scene_255,dense,released,True,False,success|ACCEPT,False
scene_256,dense,released,True,True,success|ACCEPT,False
scene_257,dense,released,True,False,success|ACCEPT,False
scene_258,dense,released,True,True,success|ACCEPT,False
scene_259,dense,released,True,False,success|ACCEPT,False
scene_260,dense,rejected,False,,success|REJECT,False
scene_261,dense,rejected,False,,success|REJECT,False
scene_262,dense,rejected,False,,success|REJECT,False
scene_263,dense,released,True,True,success|ACCEPT,False
scene_264,dense,released,True,True,success|ACCEPT,False
scene_265,dense,rejected,False,,success|REJECT,False
scene_266,dense,rejected,False,,success|REJECT,False
scene_267,dense,released,True,True,success|ACCEPT,False
scene_268,dense,rejected,False,,success|REJECT,False
scene_269,dense,released,True,True,success|ACCEPT,False
scene_270,dense,released,True,True,success|ACCEPT,True
scene_271,dense,released,True,False,success|ACCEPT,False
scene_272,dense,rejected,False,,success|REJECT,False
scene_273,dense,released,True,True,success|ACCEPT,False
scene_274,dense,rejected,False,,success|REJECT,False
scene_275,dense,released,True,True,success|ACCEPT,False
scene_276,dense,rejected,False,,success|REJECT,False
scene_277,dense,rejected,False,,success|REJECT,False
scene_278,dense,released,True,False,success|ACCEPT,False
scene_279,dense,released,True,True,success|ACCEPT,False
scene_280,dense,rejected,False,,success|REJECT,False
scene_281,dense,rejected,False,,success|REJECT,False
scene_282,dense,released,True,True,success|ACCEPT,False
scene_283,dense,rejected,False,,success|REJECT,False
scene_284,dense,no_candidates,,,no_target|empty_candidates,False
scene_285,dense,released,True,True,success|ACCEPT,False
scene_286,dense,released,True,True,success|ACCEPT,False
scene_287,dense,rejected,False,,success|REJECT,False
scene_288,dense,released,True,False,success|ACCEPT,False
scene_289,dense,released,True,False,success|ACCEPT,False
scene_290,dense,released,True,False,success|ACCEPT,False
scene_291,dense,released,True,False,success|ACCEPT,False
scene_292,dense,rejected,False,,success|REJECT,False
scene_293,dense,released,True,True,success|ACCEPT,False
scene_294,dense,released,True,False,success|ACCEPT,False
scene_295,dense,released,True,True,success|ACCEPT,False
scene_296,dense,released,True,True,success|ACCEPT,False
scene_297,dense,released,True,True,success|ACCEPT,False
scene_298,dense,released,True,False,success|ACCEPT,False
scene_299,dense,released,True,True,success|ACCEPT,False
scene_300,dense,rejected,False,,success|REJECT,False
scene_301,dense,rejected,False,,success|REJECT,False
scene_302,dense,rejected,False,,success|REJECT,False
scene_303,dense,released,True,True,success|ACCEPT,False
scene_304,dense,rejected,False,,success|REJECT,False
scene_305,dense,released,True,True,success|ACCEPT,False
scene_306,dense,released,True,True,success|ACCEPT,False
scene_307,dense,rejected,False,,success|REJECT,False
scene_308,dense,released,True,False,success|ACCEPT,False
scene_309,dense,released,True,False,success|ACCEPT,False
scene_310,dense,released,True,True,success|ACCEPT,False
scene_311,dense,rejected,False,,success|REJECT,False
scene_312,dense,released,True,False,success|ACCEPT,False
scene_313,dense,rejected,False,,success|REJECT,False
scene_314,dense,released,True,True,success|ACCEPT,False
scene_315,dense,released,True,True,success|ACCEPT,False
scene_316,dense,rejected,False,,success|REJECT,False
scene_317,dense,released,True,False,success|ACCEPT,False
scene_318,dense,released,True,True,success|ACCEPT,False
scene_319,dense,released,True,True,success|ACCEPT,False
scene_320,dense,rejected,False,,success|REJECT,False
scene_321,dense,released,True,False,success|ACCEPT,False
scene_322,dense,released,True,True,success|ACCEPT,False
scene_323,dense,released,True,False,success|ACCEPT,False
scene_324,dense,rejected,False,,success|REJECT,False
scene_325,dense,rejected,False,,success|REJECT,False
scene_326,dense,released,True,True,success|ACCEPT,False
scene_327,dense,rejected,False,,success|REJECT,False
scene_328,dense,released,True,True,success|ACCEPT,False
scene_329,dense,rejected,False,,success|REJECT,False
scene_330,dense,released,True,True,success|ACCEPT,True
scene_331,dense,rejected,False,,success|REJECT,False
scene_332,dense,released,True,False,success|ACCEPT,False
scene_333,dense,released,True,True,success|ACCEPT,False
scene_334,dense,rejected,False,,success|REJECT,False
scene_335,dense,released,True,False,success|ACCEPT,False
scene_336,dense,released,True,False,success|ACCEPT,True
scene_337,dense,released,True,False,success|ACCEPT,False
scene_338,dense,released,True,False,success|ACCEPT,False
scene_339,dense,rejected,False,,success|REJECT,False
scene_340,dense,released,True,True,success|ACCEPT,False
scene_341,dense,released,True,False,success|ACCEPT,True
scene_342,dense,released,True,True,success|ACCEPT,False
scene_343,dense,rejected,False,,success|REJECT,False
scene_344,dense,rejected,False,,success|REJECT,False
scene_345,dense,rejected,False,,success|REJECT,False
scene_346,dense,rejected,False,,success|REJECT,False
scene_347,dense,rejected,False,,success|REJECT,False
scene_348,dense,released,True,True,success|ACCEPT,False
scene_349,dense,released,True,False,success|ACCEPT,False
scene_350,chaotic,released,True,True,success|ACCEPT,False
scene_351,chaotic,no_candidates,,,no_target|empty_candidates,False
scene_352,chaotic,rejected,False,,success|REJECT,False
scene_353,chaotic,rejected,False,,success|REJECT,False
scene_354,chaotic,released,True,False,success|ACCEPT,False
scene_355,chaotic,released,True,False,success|ACCEPT,False
scene_356,chaotic,released,True,False,success|ACCEPT,False
scene_357,chaotic,released,True,False,success|ACCEPT,False
scene_358,chaotic,rejected,False,,success|REJECT,False
scene_359,chaotic,released,True,False,success|ACCEPT,False
scene_360,chaotic,released,True,True,success|ACCEPT,False
scene_361,chaotic,released,True,True,success|ACCEPT,False
scene_362,chaotic,released,True,False,success|ACCEPT,False
scene_363,chaotic,no_candidates,,,inferred|empty_candidates,False
scene_364,chaotic,released,True,True,success|ACCEPT,False
scene_365,chaotic,rejected,False,,success|REJECT,False
scene_366,chaotic,released,True,False,success|ACCEPT,False
scene_367,chaotic,released,True,False,success|ACCEPT,False
scene_368,chaotic,no_candidates,,,no_target|empty_candidates,False
scene_369,chaotic,rejected,False,,success|REJECT,False
scene_370,chaotic,released,True,True,success|ACCEPT,False
scene_371,chaotic,released,True,False,success|ACCEPT,False
scene_372,chaotic,released,True,True,success|ACCEPT,False
scene_373,chaotic,no_candidates,,,no_target|empty_candidates,False
scene_374,chaotic,released,True,True,success|ACCEPT,False
scene_375,chaotic,rejected,False,,success|REJECT,False
scene_376,chaotic,released,True,True,success|ACCEPT,False
scene_377,chaotic,released,True,False,success|ACCEPT,False
scene_378,chaotic,released,True,True,success|ACCEPT,False
scene_379,chaotic,rejected,False,,success|REJECT,False
scene_380,chaotic,rejected,False,,success|REJECT,False
scene_381,chaotic,released,True,True,success|ACCEPT,False
scene_382,chaotic,rejected,False,,success|REJECT,False
scene_383,chaotic,released,True,False,success|ACCEPT,False
scene_384,chaotic,rejected,False,,success|REJECT,False
scene_385,chaotic,released,True,False,success|ACCEPT,False
scene_386,chaotic,released,True,False,success|ACCEPT,False
scene_387,chaotic,rejected,False,,success|REJECT,False
scene_388,chaotic,released,True,False,success|ACCEPT,False
scene_389,chaotic,released,True,False,success|ACCEPT,False
scene_390,chaotic,released,True,True,success|ACCEPT,False
scene_391,chaotic,no_candidates,,,inferred|empty_candidates,False
scene_392,chaotic,released,True,True,success|ACCEPT,False
scene_393,chaotic,released,True,False,success|ACCEPT,False
scene_394,chaotic,released,True,False,success|ACCEPT,False
scene_395,chaotic,rejected,False,,success|REJECT,False
scene_396,chaotic,released,True,False,success|ACCEPT,False
scene_397,chaotic,rejected,False,,success|REJECT,False
scene_398,chaotic,rejected,False,,success|REJECT,False
scene_399,chaotic,released,True,False,success|ACCEPT,False
scene_400,chaotic,released,True,True,success|ACCEPT,False
scene_401,chaotic,released,True,False,success|ACCEPT,False
scene_402,chaotic,released,True,True,success|ACCEPT,False
scene_403,chaotic,rejected,False,,success|REJECT,False
scene_404,chaotic,released,True,False,success|ACCEPT,False
scene_405,chaotic,released,True,False,success|ACCEPT,False
scene_406,chaotic,released,True,True,success|ACCEPT,False
scene_407,chaotic,rejected,False,,success|REJECT,False
scene_408,chaotic,released,True,False,success|ACCEPT,False
scene_409,chaotic,rejected,False,,success|REJECT,False
scene_410,chaotic,no_candidates,,,inferred|empty_candidates,False
scene_411,chaotic,rejected,False,,success|REJECT,False
scene_412,chaotic,rejected,False,,success|REJECT,False
scene_413,chaotic,rejected,False,,success|REJECT,False
scene_414,chaotic,released,True,True,success|ACCEPT,False
scene_415,chaotic,released,True,False,success|ACCEPT,False
scene_416,chaotic,released,True,False,success|ACCEPT,False
scene_417,chaotic,released,True,True,success|ACCEPT,False
scene_418,chaotic,released,True,True,success|ACCEPT,False
scene_419,chaotic,rejected,False,,success|REJECT,False
scene_420,chaotic,no_target,,,no_grasp,False
scene_421,chaotic,released,True,False,success|ACCEPT,False
scene_422,chaotic,released,True,False,success|ACCEPT,False
scene_423,chaotic,rejected,False,,success|REJECT,False
scene_424,chaotic,released,True,True,success|ACCEPT,False
scene_425,chaotic,released,True,False,success|ACCEPT,False
scene_426,chaotic,released,True,True,success|ACCEPT,False
scene_427,chaotic,rejected,False,,success|REJECT,False
scene_428,chaotic,rejected,False,,success|REJECT,False
scene_429,chaotic,released,True,True,success|ACCEPT,False
scene_430,lighting,rejected,False,,success|REJECT,False
scene_431,lighting,rejected,False,,success|REJECT,False
scene_432,lighting,released,True,False,success|ACCEPT,False
scene_433,lighting,no_candidates,,,inferred|empty_candidates,False
scene_434,lighting,released,True,True,success|ACCEPT,False
scene_435,lighting,no_target,,,no_grasp,False
scene_436,lighting,released,True,True,success|ACCEPT,False
scene_437,lighting,released,True,True,success|ACCEPT,False
scene_438,lighting,rejected,False,,success|REJECT,False
scene_439,lighting,rejected,False,,success|REJECT,False
scene_440,lighting,rejected,False,,success|REJECT,False
scene_441,lighting,rejected,False,,success|REJECT,True
scene_442,lighting,released,True,True,success|ACCEPT,False
scene_443,lighting,released,True,False,success|ACCEPT,False
scene_444,lighting,released,True,False,success|ACCEPT,False
scene_445,lighting,released,True,False,success|ACCEPT,False
scene_446,lighting,released,True,True,success|ACCEPT,False
scene_447,lighting,released,True,False,success|ACCEPT,False
scene_448,lighting,released,True,True,success|ACCEPT,False
scene_449,lighting,released,True,False,success|ACCEPT,False
scene_450,lighting,released,True,True,success|ACCEPT,False
scene_451,lighting,rejected,False,,success|REJECT,False
scene_452,lighting,released,True,False,success|ACCEPT,False
scene_453,lighting,released,True,True,success|ACCEPT,False
scene_454,lighting,released,True,False,success|ACCEPT,False
scene_455,lighting,released,True,False,success|ACCEPT,False
scene_456,lighting,released,True,False,success|ACCEPT,False
scene_457,lighting,released,True,False,success|ACCEPT,False
scene_458,lighting,released,True,True,success|ACCEPT,False
scene_459,lighting,rejected,False,,success|REJECT,False
scene_460,lighting,released,True,False,success|ACCEPT,False
scene_461,lighting,rejected,False,,success|REJECT,False
scene_462,lighting,rejected,False,,success|REJECT,False
scene_463,lighting,released,True,True,success|ACCEPT,False
scene_464,lighting,released,True,True,success|ACCEPT,False
scene_465,lighting,rejected,False,,success|REJECT,False
scene_466,lighting,released,True,False,success|ACCEPT,False
scene_467,lighting,released,True,True,success|ACCEPT,False
scene_468,lighting,released,True,False,success|ACCEPT,False
scene_469,lighting,released,True,False,success|ACCEPT,False
scene_470,lighting,released,True,True,success|ACCEPT,False
scene_471,lighting,released,True,False,success|ACCEPT,False
scene_472,lighting,rejected,False,,success|REJECT,False
scene_473,lighting,rejected,False,,success|REJECT,False
scene_474,lighting,released,True,False,success|ACCEPT,False
scene_475,lighting,released,True,True,success|ACCEPT,False
scene_476,lighting,no_candidates,,,no_target|empty_candidates,False
scene_477,lighting,released,True,False,success|ACCEPT,False
scene_478,lighting,released,True,False,success|ACCEPT,False
scene_479,lighting,released,True,False,success|ACCEPT,False
scene_480,occlusion,released,True,True,success|ACCEPT,False
scene_481,occlusion,released,True,True,success|ACCEPT,False
scene_482,occlusion,released,True,True,success|ACCEPT,False
scene_483,occlusion,no_candidates,,,no_target|empty_candidates,False
scene_484,occlusion,released,True,True,success|ACCEPT,False
scene_485,occlusion,released,True,True,success|ACCEPT,False
scene_486,occlusion,released,True,True,success|ACCEPT,False
scene_487,occlusion,released,True,True,success|ACCEPT,False
scene_488,occlusion,released,True,True,success|ACCEPT,False
scene_489,occlusion,released,True,True,success|ACCEPT,False
scene_490,occlusion,released,True,True,success|ACCEPT,False
scene_491,occlusion,released,True,True,success|ACCEPT,False
scene_492,occlusion,released,True,True,success|ACCEPT,False
scene_493,occlusion,released,True,True,success|ACCEPT,False
scene_494,occlusion,rejected,False,,success|REJECT,False
scene_495,occlusion,released,True,True,success|ACCEPT,False
scene_496,occlusion,released,True,True,success|ACCEPT,False
scene_497,occlusion,no_candidates,,,inferred|empty_candidates,False
scene_498,occlusion,no_candidates,,,no_target|empty_candidates,False
scene_499,occlusion,released,True,True,success|ACCEPT,False
scene_500,occlusion,no_candidates,,,no_target|empty_candidates,False
scene_501,occlusion,released,True,True,success|ACCEPT,False
scene_502,occlusion,released,True,True,success|ACCEPT,False
scene_503,occlusion,released,True,True,success|ACCEPT,False
scene_504,occlusion,released,True,True,success|ACCEPT,False
scene_505,occlusion,no_candidates,,,no_target|empty_candidates,False
scene_506,occlusion,released,True,True,success|ACCEPT,False
scene_507,occlusion,released,True,True,success|ACCEPT,False
scene_508,occlusion,released,True,True,success|ACCEPT,False
scene_509,occlusion,released,True,True,success|ACCEPT,False
scene_510,occlusion,released,True,True,success|ACCEPT,False
scene_511,occlusion,released,True,True,success|ACCEPT,False
scene_512,occlusion,released,True,True,success|ACCEPT,False
scene_513,occlusion,released,True,True,success|ACCEPT,False
scene_514,occlusion,released,True,True,success|ACCEPT,False
scene_515,occlusion,rejected,False,,success|REJECT,False
scene_516,occlusion,released,True,True,success|ACCEPT,False
scene_517,occlusion,released,True,True,success|ACCEPT,False
scene_518,occlusion,released,True,True,success|ACCEPT,False
scene_519,occlusion,released,True,True,success|ACCEPT,False
scene_520,occlusion,released,True,True,success|ACCEPT,False
scene_521,occlusion,no_candidates,,,no_target|empty_candidates,False
scene_522,occlusion,released,True,True,success|ACCEPT,False
scene_523,occlusion,released,True,True,success|ACCEPT,False
scene_524,occlusion,released,True,True,success|ACCEPT,False
scene_525,occlusion,released,True,True,success|ACCEPT,False
scene_526,occlusion,released,True,True,success|ACCEPT,False
scene_527,occlusion,released,True,True,success|ACCEPT,False
scene_528,occlusion,no_candidates,,,inferred|empty_candidates,False
scene_529,occlusion,rejected,False,,success|REJECT,False
scene_530,edge,released,True,True,success|ACCEPT,False
scene_531,edge,released,True,True,success|ACCEPT,False
scene_532,edge,rejected,False,,success|REJECT,False
scene_533,edge,no_candidates,,,inferred|empty_candidates,False
scene_534,edge,released,True,True,success|ACCEPT,False
scene_535,edge,released,True,True,success|ACCEPT,False
scene_536,edge,rejected,False,,success|REJECT,False
scene_537,edge,rejected,False,,success|REJECT,False
scene_538,edge,released,True,True,success|ACCEPT,False
scene_539,edge,released,True,True,success|ACCEPT,False
scene_540,edge,released,True,True,success|ACCEPT,False
scene_541,edge,rejected,False,,success|REJECT,False
scene_542,edge,released,True,False,success|ACCEPT,False
scene_543,edge,released,True,True,success|ACCEPT,False
scene_544,edge,released,True,True,success|ACCEPT,False
scene_545,edge,released,True,True,success|ACCEPT,False
scene_546,edge,rejected,False,,success|REJECT,False
scene_547,edge,rejected,False,,success|REJECT,False
scene_548,edge,rejected,False,,success|REJECT,False
scene_549,edge,no_candidates,,,no_target|empty_candidates,False
scene_550,edge,released,True,True,success|ACCEPT,False
scene_551,edge,released,True,True,success|ACCEPT,False
scene_552,edge,rejected,False,,success|REJECT,False
scene_553,edge,no_candidates,,,no_target|empty_candidates,False
scene_554,edge,rejected,False,,success|REJECT,False
scene_555,edge,rejected,False,,success|REJECT,False
scene_556,edge,released,True,True,success|ACCEPT,False
scene_557,edge,released,True,True,success|ACCEPT,False
scene_558,edge,released,True,True,success|ACCEPT,False
scene_559,edge,rejected,False,,success|REJECT,False
scene_560,tilted,released,True,False,success|ACCEPT,False
scene_561,tilted,no_candidates,,,inferred|empty_candidates,False
scene_562,tilted,released,True,True,success|ACCEPT,False
scene_563,tilted,released,True,False,success|ACCEPT,False
scene_564,tilted,rejected,False,,success|REJECT,False
scene_565,tilted,released,True,False,success|ACCEPT,False
scene_566,tilted,released,True,True,success|ACCEPT,False
scene_567,tilted,released,True,False,success|ACCEPT,False
scene_568,tilted,released,True,False,success|ACCEPT,False
scene_569,tilted,released,True,True,success|ACCEPT,False
scene_570,tilted,released,True,False,success|ACCEPT,False
scene_571,tilted,rejected,False,,success|REJECT,False
scene_572,tilted,released,True,False,success|ACCEPT,False
scene_573,tilted,released,True,True,success|ACCEPT,False
scene_574,tilted,rejected,False,,success|REJECT,False
scene_575,tilted,rejected,False,,success|REJECT,False
scene_576,tilted,released,True,False,success|ACCEPT,False
scene_577,tilted,released,True,False,success|ACCEPT,False
scene_578,angled_dense,no_candidates,,,no_target|empty_candidates,True
scene_579,angled_chaotic,no_candidates,,,no_target|empty_candidates,False
scene_580,angled_occluded,released,True,True,success|ACCEPT,False
scene_581,angled_dense,no_candidates,,,inferred|empty_candidates,True
scene_582,angled_chaotic,no_candidates,,,no_target|empty_candidates,True
scene_583,angled_occluded,rejected,False,,no_grasp,True
scene_584,angled_dense,no_candidates,,,no_target|empty_candidates,True
scene_585,angled_chaotic,no_candidates,,,no_target|empty_candidates,True
scene_586,angled_occluded,released,True,True,success|ACCEPT,False
scene_587,angled_dense,rejected,False,,no_grasp,True
scene_588,angled_chaotic,released,True,False,success|ACCEPT,False
scene_589,angled_occluded,no_target,,,no_grasp,True
scene_590,angled_dense,no_candidates,,,no_target|empty_candidates,False
scene_591,angled_chaotic,no_candidates,,,no_target|empty_candidates,True
scene_592,angled_occluded,rejected,False,,success|REJECT,True
scene_593,angled_dense,rejected,False,,success|REJECT,False
scene_594,angled_chaotic,no_candidates,,,no_target|empty_candidates,True
scene_595,angled_occluded,rejected,False,,no_grasp,True
scene_596,angled_dense,rejected,False,,success|REJECT,True
scene_597,angled_chaotic,rejected,False,,success|REJECT,True
scene_598,angled_occluded,no_candidates,,,no_target|empty_candidates,True
scene_599,angled_dense,rejected,False,,success|REJECT,True
scene_600,angled_chaotic,rejected,False,,success|REJECT,False
scene_601,angled_occluded,released,True,True,success|ACCEPT,False
scene_602,angled_dense,no_candidates,,,no_target|empty_candidates,True
scene_603,angled_chaotic,rejected,False,,success|REJECT,True
scene_604,angled_occluded,rejected,False,,success|REJECT,True
scene_605,angled_dense,rejected,False,,success|REJECT,True
scene_606,angled_chaotic,rejected,False,,success|REJECT,True
scene_607,angled_occluded,released,True,True,success|ACCEPT,False
scene_608,angled_dense,rejected,False,,success|REJECT,True
scene_609,angled_chaotic,rejected,False,,success|REJECT,False
scene_610,angled_occluded,rejected,False,,success|REJECT,True
scene_611,angled_dense,rejected,False,,no_grasp,True
scene_612,angled_chaotic,no_candidates,,,no_target|empty_candidates,True
scene_613,angled_occluded,released,True,True,success|ACCEPT,False
scene_614,angled_dense,rejected,False,,success|REJECT,True
scene_615,angled_chaotic,no_candidates,,,no_target|empty_candidates,True
scene_616,angled_occluded,rejected,False,,success|REJECT,True
scene_617,angled_dense,no_candidates,,,no_target|empty_candidates,True
scene_618,angled_chaotic,rejected,False,,success|REJECT,False
scene_619,angled_occluded,rejected,False,,success|REJECT,True
scene_620,angled_dense,rejected,False,,no_grasp,True
scene_621,angled_chaotic,rejected,False,,no_grasp,True
scene_622,angled_occluded,no_candidates,,,inferred|empty_candidates,False
scene_623,angled_dense,rejected,False,,success|REJECT,True
scene_624,angled_chaotic,rejected,False,,success|REJECT,True
scene_625,angled_occluded,released,True,True,success|ACCEPT,False
scene_626,angled_dense,rejected,False,,no_grasp,True
scene_627,angled_chaotic,rejected,False,,success|REJECT,True
scene_628,angled_occluded,rejected,False,,success|REJECT,True
scene_629,angled_dense,rejected,False,,success|REJECT,True
scene_630,angled_chaotic,no_candidates,,,no_target|empty_candidates,True
scene_631,angled_occluded,no_candidates,,,no_target|empty_candidates,True
scene_632,angled_dense,rejected,False,,success|REJECT,True
scene_633,angled_chaotic,no_candidates,,,no_target|empty_candidates,True
scene_634,angled_occluded,rejected,False,,success|REJECT,True
scene_635,angled_dense,rejected,False,,success|REJECT,True
scene_636,angled_chaotic,rejected,False,,success|REJECT,False
scene_637,angled_occluded,released,True,True,success|ACCEPT,False
scene_638,angled_dense,released,True,True,success|ACCEPT,False
scene_639,angled_chaotic,no_candidates,,,inferred|empty_candidates,True
scene_640,angled_occluded,rejected,False,,success|REJECT,True
scene_641,angled_dense,released,True,True,success|ACCEPT,False
scene_642,angled_chaotic,rejected,False,,success|REJECT,True
scene_643,angled_occluded,no_candidates,,,no_target|empty_candidates,False
scene_644,angled_dense,rejected,False,,success|REJECT,True
scene_645,angled_chaotic,released,True,True,success|ACCEPT,False
scene_646,angled_occluded,no_candidates,,,no_target|empty_candidates,True
scene_647,angled_dense,no_candidates,,,no_target|empty_candidates,True
scene_648,angled_chaotic,rejected,False,,success|REJECT,True
scene_649,angled_occluded,rejected,False,,success|REJECT,True
scene_650,angled_dense,released,True,True,success|ACCEPT,False
scene_651,angled_chaotic,no_candidates,,,no_target|empty_candidates,True
scene_652,angled_occluded,rejected,False,,no_grasp,True
scene_653,angled_dense,no_candidates,,,no_target|empty_candidates,False
scene_654,angled_chaotic,released,True,False,success|ACCEPT,False
scene_655,angled_occluded,no_candidates,,,no_target|empty_candidates,False
scene_656,angled_dense,no_candidates,,,no_target|empty_candidates,False
scene_657,angled_chaotic,released,True,False,success|ACCEPT,False
scene_658,angled_occluded,no_candidates,,,no_target|empty_candidates,True
scene_659,angled_dense,rejected,False,,success|REJECT,True
scene_660,angled_chaotic,rejected,False,,success|REJECT,False
scene_661,angled_occluded,rejected,False,,success|REJECT,True
scene_662,angled_dense,released,True,False,success|ACCEPT,False
scene_663,angled_chaotic,released,True,True,success|ACCEPT,False
scene_664,angled_occluded,rejected,False,,success|REJECT,True
scene_665,angled_dense,rejected,False,,success|REJECT,False
scene_666,angled_chaotic,rejected,False,,success|REJECT,True
scene_667,angled_occluded,rejected,False,,success|REJECT,False
scene_668,angled_dense,no_candidates,,,no_target|empty_candidates,True
scene_669,angled_chaotic,rejected,False,,no_grasp,True
scene_670,angled_occluded,released,True,True,success|ACCEPT,False
scene_671,angled_dense,no_candidates,,,no_target|empty_candidates,False
scene_672,angled_chaotic,rejected,False,,success|REJECT,True
scene_673,angled_occluded,rejected,False,,success|REJECT,False
scene_674,angled_dense,rejected,False,,no_grasp,True
scene_675,angled_chaotic,rejected,False,,success|REJECT,False
scene_676,angled_occluded,no_candidates,,,inferred|empty_candidates,True
scene_677,angled_dense,rejected,False,,success|REJECT,True
scene_678,angled_chaotic,no_candidates,,,inferred|empty_candidates,True
scene_679,angled_occluded,no_candidates,,,no_target|empty_candidates,True
scene_680,angled_dense,rejected,False,,success|REJECT,False
scene_681,angled_chaotic,rejected,False,,success|REJECT,False
scene_682,angled_occluded,no_candidates,,,no_target|empty_candidates,True
scene_683,angled_dense,no_candidates,,,inferred|empty_candidates,False
scene_684,angled_chaotic,rejected,False,,success|REJECT,True
scene_685,angled_occluded,rejected,False,,success|REJECT,True
scene_686,angled_dense,no_candidates,,,no_target|empty_candidates,True
scene_687,angled_chaotic,rejected,False,,success|REJECT,True
scene_688,angled_occluded,no_candidates,,,no_target|empty_candidates,True
scene_689,angled_dense,rejected,False,,success|REJECT,False
scene_690,angled_chaotic,rejected,False,,success|REJECT,False
scene_691,angled_occluded,released,True,True,success|ACCEPT,False
scene_692,angled_dense,released,True,False,success|ACCEPT,False
scene_693,angled_chaotic,rejected,False,,success|REJECT,True
scene_694,angled_occluded,no_candidates,,,no_target|empty_candidates,True
scene_695,angled_dense,rejected,False,,success|REJECT,True
scene_696,angled_chaotic,no_candidates,,,no_target|empty_candidates,True
scene_697,angled_occluded,no_candidates,,,no_target|empty_candidates,True
scene_698,angled_dense,rejected,False,,success|REJECT,False
scene_699,angled_chaotic,rejected,False,,no_grasp,True
scene_700,angled_occluded,released,True,False,success|ACCEPT,False
scene_701,angled_dense,rejected,False,,success|REJECT,True
scene_702,angled_chaotic,released,True,True,success|ACCEPT,False
scene_703,angled_occluded,rejected,False,,success|REJECT,True
scene_704,angled_dense,no_candidates,,,no_target|empty_candidates,True
scene_705,angled_chaotic,rejected,False,,success|REJECT,False
scene_706,angled_occluded,no_candidates,,,no_target|empty_candidates,True
scene_707,angled_dense,rejected,False,,success|REJECT,False
scene_708,angled_chaotic,rejected,False,,success|REJECT,True
scene_709,angled_occluded,released,True,True,success|ACCEPT,False
scene_710,angled_dense,rejected,False,,success|REJECT,True
scene_711,angled_chaotic,rejected,False,,success|REJECT,True
scene_712,angled_occluded,rejected,False,,success|REJECT,False
scene_713,angled_dense,no_candidates,,,no_target|empty_candidates,True
scene_714,angled_chaotic,released,True,True,success|ACCEPT,False
scene_715,angled_occluded,no_candidates,,,no_target|empty_candidates,True
scene_716,angled_dense,rejected,False,,success|REJECT,False
scene_717,angled_chaotic,released,True,True,success|ACCEPT,False
scene_718,angled_occluded,no_candidates,,,no_target|empty_candidates,False
scene_719,angled_dense,rejected,False,,success|REJECT,True
scene_720,angled_chaotic,rejected,False,,success|REJECT,True
scene_721,angled_occluded,rejected,False,,success|REJECT,True
scene_722,angled_dense,rejected,False,,success|REJECT,False
scene_723,angled_chaotic,rejected,False,,success|REJECT,True
scene_724,angled_occluded,rejected,False,,success|REJECT,True
scene_725,angled_dense,no_candidates,,,no_target|empty_candidates,True
scene_726,angled_chaotic,no_candidates,,,inferred|empty_candidates,True
scene_727,angled_occluded,released,True,True,success|ACCEPT,False
