check_param,tau,tau_rel,far,frr,accept_rate,accept_precision,n_rejects_by_check
existence.min_valid_fraction,0.15,0.25,0.4444444444444444,0.21364985163204747,0.6314935064935064,0.6812339331619537,0
existence.min_valid_fraction,0.17569132607677707,0.2928188767946285,0.4444444444444444,0.21364985163204747,0.6314935064935064,0.6812339331619537,0
existence.min_valid_fraction,0.20578294705744274,0.3429715784290712,0.4444444444444444,0.21364985163204747,0.6314935064935064,0.6812339331619537,0
existence.min_valid_fraction,0.2410285256833955,0.40171420947232583,0.4444444444444444,0.21364985163204747,0.6314935064935064,0.6812339331619537,0
existence.min_valid_fraction,0.2823108086643085,0.4705180144405142,0.4444444444444444,0.21364985163204747,0.6314935064935064,0.6812339331619537,0
existence.min_valid_fraction,0.33066373560026435,0.5511062260004406,0.4444444444444444,0.21364985163204747,0.6314935064935064,0.6812339331619537,0
existence.min_valid_fraction,0.38729833462074165,0.6454972243679028,0.4444444444444444,0.21364985163204747,0.6314935064935064,0.6812339331619537,0
existence.min_valid_fraction,0.45363305331230297,0.7560550888538383,0.4444444444444444,0.21364985163204747,0.6314935064935064,0.6812339331619537,0
existence.min_valid_fraction,0.5313292845913055,0.8855488076521758,0.4444444444444444,0.21364985163204747,0.6314935064935064,0.6812339331619537,0
existence.min_valid_fraction,0.6,1.0,0.4444444444444444,0.21364985163204747,0.6314935064935064,0.6812339331619537,0
existence.min_valid_fraction,0.6223329772884783,1.0372216288141305,0.4444444444444444,0.21364985163204747,0.6314935064935064,0.6812339331619537,0
existence.min_valid_fraction,0.7289233736074769,1.214872289345795,0.4444444444444444,0.21364985163204747,0.6314935064935064,0.6812339331619537,0
existence.min_valid_fraction,0.8537700941163708,1.4229501568606182,0.4444444444444444,0.21364985163204747,0.6314935064935064,0.6812339331619537,0
existence.min_valid_fraction,1.0,1.6666666666666667,0.4444444444444444,0.21364985163204747,0.6314935064935064,0.6812339331619537,0
top_height_match.top_height_tol_m,0.0075,0.25,0.4229390681003584,0.2314540059347181,0.612012987012987,0.6870026525198939,85
top_height_match.top_height_tol_m,0.009449407874211547,0.31498026247371824,0.4265232974910394,0.228486646884273,0.6152597402597403,0.6860158311345647,78
top_height_match.top_height_tol_m,0.011905507889761496,0.3968502629920499,0.43727598566308246,0.22551928783382788,0.6217532467532467,0.6814621409921671,68
top_height_match.top_height_tol_m,0.015000000000000003,0.5000000000000001,0.44086021505376344,0.21364985163204747,0.6298701298701299,0.6829896907216495,58
top_height_match.top_height_tol_m,0.018898815748423097,0.6299605249474366,0.4444444444444444,0.21364985163204747,0.6314935064935064,0.6812339331619537,48
top_height_match.top_height_tol_m,0.023811015779522982,0.7937005259840995,0.4444444444444444,0.21364985163204747,0.6314935064935064,0.6812339331619537,34
top_height_match.top_height_tol_m,0.029999999999999995,0.9999999999999999,0.4444444444444444,0.21364985163204747,0.6314935064935064,0.6812339331619537,28
top_height_match.top_height_tol_m,0.03,1.0,0.4444444444444444,0.21364985163204747,0.6314935064935064,0.6812339331619537,28
top_height_match.top_height_tol_m,0.0377976314968462,1.2599210498948734,0.4444444444444444,0.21364985163204747,0.6314935064935064,0.6812339331619537,23
top_height_match.top_height_tol_m,0.04762203155904597,1.5874010519681991,0.4444444444444444,0.21364985163204747,0.6314935064935064,0.6812339331619537,17
top_height_match.top_height_tol_m,0.05999999999999997,1.9999999999999991,0.4444444444444444,0.21364985163204747,0.6314935064935064,0.6812339331619537,13
top_height_match.top_height_tol_m,0.07559526299369236,2.5198420997897455,0.4444444444444444,0.21364985163204747,0.6314935064935064,0.6812339331619537,12
top_height_match.top_height_tol_m,0.09524406311809196,3.1748021039363987,0.4444444444444444,0.21364985163204747,0.6314935064935064,0.6812339331619537,8
top_height_match.top_height_tol_m,0.12,4.0,0.44802867383512546,0.21364985163204747,0.6331168831168831,0.6794871794871795,3
bbox_extent.extent_rel_dev_max,0.0375,0.25,0.17204301075268819,0.629080118694362,0.28084415584415584,0.7225433526011561,349
bbox_extent.extent_rel_dev_max,0.04724703937105775,0.31498026247371835,0.21505376344086022,0.5192878338278932,0.36038961038961037,0.7297297297297297,288
bbox_extent.extent_rel_dev_max,0.059527539448807475,0.39685026299204984,0.26881720430107525,0.4391691394658754,0.42857142857142855,0.7159090909090909,232
bbox_extent.extent_rel_dev_max,0.07500000000000001,0.5000000000000001,0.32616487455197135,0.34124629080118696,0.5081168831168831,0.7092651757188498,169
bbox_extent.extent_rel_dev_max,0.09449407874211548,0.6299605249474365,0.3763440860215054,0.2878338278931751,0.560064935064935,0.6956521739130435,127
bbox_extent.extent_rel_dev_max,0.11905507889761496,0.7937005259840998,0.43010752688172044,0.258160237388724,0.6006493506493507,0.6756756756756757,98
bbox_extent.extent_rel_dev_max,0.15,1.0,0.4444444444444444,0.21364985163204747,0.6314935064935064,0.6812339331619537,73
bbox_extent.extent_rel_dev_max,0.18898815748423098,1.2599210498948732,0.4659498207885305,0.17507418397626112,0.6623376623376623,0.6813725490196079,42
bbox_extent.extent_rel_dev_max,0.2381101577952299,1.5874010519681994,0.48028673835125446,0.1543026706231454,0.6801948051948052,0.6801909307875895,23
bbox_extent.extent_rel_dev_max,0.29999999999999993,1.9999999999999996,0.4874551971326165,0.1513353115727003,0.685064935064935,0.6777251184834123,14
bbox_extent.extent_rel_dev_max,0.37797631496846196,2.5198420997897464,0.4874551971326165,0.142433234421365,0.689935064935065,0.68,10
bbox_extent.extent_rel_dev_max,0.47622031559045974,3.1748021039363983,0.4874551971326165,0.142433234421365,0.689935064935065,0.68,10
bbox_extent.extent_rel_dev_max,0.6,4.0,0.4874551971326165,0.13649851632047477,0.6931818181818182,0.6814988290398126,7
bbox_inlier.inlier_min,0.2,0.25,0.45161290322580644,0.20771513353115728,0.637987012987013,0.6793893129770993,0
bbox_inlier.inlier_min,0.22870596721658407,0.28588245902073006,0.45161290322580644,0.20771513353115728,0.637987012987013,0.6793893129770993,0
bbox_inlier.inlier_min,0.26153209720236614,0.32691512150295765,0.45161290322580644,0.20771513353115728,0.637987012987013,0.6793893129770993,0
bbox_inlier.inlier_min,0.29906975624424414,0.3738371953053052,0.45161290322580644,0.20771513353115728,0.637987012987013,0.6793893129770993,0
bbox_inlier.inlier_min,0.3419951893353394,0.4274939866691742,0.45161290322580644,0.20771513353115728,0.637987012987013,0.6793893129770993,0
bbox_inlier.inlier_min,0.39108170280178794,0.4888521285022349,0.45161290322580644,0.20771513353115728,0.637987012987013,0.6793893129770993,0
bbox_inlier.inlier_min,0.447213595499958,0.5590169943749475,0.45161290322580644,0.20771513353115728,0.637987012987013,0.6793893129770993,0
bbox_inlier.inlier_min,0.5114020895561203,0.6392526119451504,0.45161290322580644,0.20771513353115728,0.637987012987013,0.6793893129770993,0
bbox_inlier.inlier_min,0.5848035476425733,0.7310044345532165,0.45161290322580644,0.20771513353115728,0.637987012987013,0.6793893129770993,1
bbox_inlier.inlier_min,0.668740304976422,0.8359253812205275,0.45161290322580644,0.20771513353115728,0.637987012987013,0.6793893129770993,5
bbox_inlier.inlier_min,0.7647244913317299,0.9559056141646624,0.44802867383512546,0.20771513353115728,0.6363636363636364,0.6811224489795918,20
bbox_inlier.inlier_min,0.8,1.0,0.4444444444444444,0.21364985163204747,0.6314935064935064,0.6812339331619537,32
bbox_inlier.inlier_min,0.8744852722211677,1.0931065902764596,0.4157706093189964,0.2433234421364985,0.6022727272727273,0.6873315363881402,76
bbox_inlier.inlier_min,1.0,1.25,0.0967741935483871,0.8783382789317508,0.11038961038961038,0.6029411764705882,469
bbox_surface_dist.surface_dist_median_max_m,0.005,0.25,0.3906810035842294,0.24925816023738873,0.5876623376623377,0.6988950276243094,86
bbox_surface_dist.surface_dist_median_max_m,0.006299605249474363,0.31498026247371813,0.4014336917562724,0.24629080118694363,0.5941558441558441,0.6939890710382514,71
bbox_surface_dist.surface_dist_median_max_m,0.007937005259841,0.39685026299205,0.4121863799283154,0.23738872403560832,0.6038961038961039,0.6908602150537635,52
bbox_surface_dist.surface_dist_median_max_m,0.01,0.5,0.4265232974910394,0.22551928783382788,0.6168831168831169,0.6868421052631579,24
bbox_surface_dist.surface_dist_median_max_m,0.012599210498948727,0.6299605249474364,0.44086021505376344,0.21364985163204747,0.6298701298701299,0.6829896907216495,9
bbox_surface_dist.surface_dist_median_max_m,0.015874010519681993,0.7937005259840996,0.4444444444444444,0.21364985163204747,0.6314935064935064,0.6812339331619537,0
bbox_surface_dist.surface_dist_median_max_m,0.02,1.0,0.4444444444444444,0.21364985163204747,0.6314935064935064,0.6812339331619537,0
bbox_surface_dist.surface_dist_median_max_m,0.020000000000000004,1.0000000000000002,0.4444444444444444,0.21364985163204747,0.6314935064935064,0.6812339331619537,0
bbox_surface_dist.surface_dist_median_max_m,0.025198420997897458,1.259921049894873,0.4444444444444444,0.21364985163204747,0.6314935064935064,0.6812339331619537,0
bbox_surface_dist.surface_dist_median_max_m,0.03174802103936397,1.5874010519681985,0.4444444444444444,0.21364985163204747,0.6314935064935064,0.6812339331619537,0
bbox_surface_dist.surface_dist_median_max_m,0.03999999999999999,1.9999999999999993,0.4444444444444444,0.21364985163204747,0.6314935064935064,0.6812339331619537,0
bbox_surface_dist.surface_dist_median_max_m,0.05039684199579492,2.519842099789746,0.4444444444444444,0.21364985163204747,0.6314935064935064,0.6812339331619537,0
bbox_surface_dist.surface_dist_median_max_m,0.06349604207872796,3.174802103936398,0.4444444444444444,0.21364985163204747,0.6314935064935064,0.6812339331619537,0
bbox_surface_dist.surface_dist_median_max_m,0.08,4.0,0.4444444444444444,0.21364985163204747,0.6314935064935064,0.6812339331619537,0
bbox_top_normal.top_normal_angle_max_deg,3.0,0.25,0.3978494623655914,0.24629080118694363,0.5925324675324676,0.6958904109589041,62
bbox_top_normal.top_normal_angle_max_deg,3.77976314968462,0.3149802624737183,0.4050179211469534,0.23738872403560832,0.6006493506493507,0.6945945945945946,50
bbox_top_normal.top_normal_angle_max_deg,4.762203155904599,0.3968502629920499,0.4229390681003584,0.2314540059347181,0.612012987012987,0.6870026525198939,38
bbox_top_normal.top_normal_angle_max_deg,6.0,0.5,0.43010752688172044,0.22255192878338279,0.6201298701298701,0.6858638743455497,24
bbox_top_normal.top_normal_angle_max_deg,7.559526299369239,0.6299605249474366,0.4336917562724014,0.2166172106824926,0.625,0.6857142857142857,15
bbox_top_normal.top_normal_angle_max_deg,9.524406311809196,0.7937005259840997,0.4444444444444444,0.21364985163204747,0.6314935064935064,0.6812339331619537,5
bbox_top_normal.top_normal_angle_max_deg,12.0,1.0,0.4444444444444444,0.21364985163204747,0.6314935064935064,0.6812339331619537,2
bbox_top_normal.top_normal_angle_max_deg,12.000000000000002,1.0000000000000002,0.4444444444444444,0.21364985163204747,0.6314935064935064,0.6812339331619537,2
bbox_top_normal.top_normal_angle_max_deg,15.119052598738476,1.259921049894873,0.4444444444444444,0.21364985163204747,0.6314935064935064,0.6812339331619537,2
bbox_top_normal.top_normal_angle_max_deg,19.048812623618396,1.5874010519681996,0.4444444444444444,0.21364985163204747,0.6314935064935064,0.6812339331619537,1
bbox_top_normal.top_normal_angle_max_deg,23.999999999999993,1.9999999999999993,0.4444444444444444,0.21364985163204747,0.6314935064935064,0.6812339331619537,0
bbox_top_normal.top_normal_angle_max_deg,30.238105197476955,2.5198420997897464,0.4444444444444444,0.21364985163204747,0.6314935064935064,0.6812339331619537,0
bbox_top_normal.top_normal_angle_max_deg,38.09762524723678,3.1748021039363983,0.4444444444444444,0.21364985163204747,0.6314935064935064,0.6812339331619537,0
bbox_top_normal.top_normal_angle_max_deg,48.0,4.0,0.4444444444444444,0.21364985163204747,0.6314935064935064,0.6812339331619537,0
bbox_coverage.min_coverage,0.15,0.25,0.4444444444444444,0.21364985163204747,0.6314935064935064,0.6812339331619537,0
bbox_coverage.min_coverage,0.17569132607677707,0.2928188767946285,0.4444444444444444,0.21364985163204747,0.6314935064935064,0.6812339331619537,0
bbox_coverage.min_coverage,0.20578294705744274,0.3429715784290712,0.4444444444444444,0.21364985163204747,0.6314935064935064,0.6812339331619537,0
bbox_coverage.min_coverage,0.2410285256833955,0.40171420947232583,0.4444444444444444,0.21364985163204747,0.6314935064935064,0.6812339331619537,0
bbox_coverage.min_coverage,0.2823108086643085,0.4705180144405142,0.4444444444444444,0.21364985163204747,0.6314935064935064,0.6812339331619537,0
bbox_coverage.min_coverage,0.33066373560026435,0.5511062260004406,0.4444444444444444,0.21364985163204747,0.6314935064935064,0.6812339331619537,0
bbox_coverage.min_coverage,0.38729833462074165,0.6454972243679028,0.4444444444444444,0.21364985163204747,0.6314935064935064,0.6812339331619537,0
bbox_coverage.min_coverage,0.45363305331230297,0.7560550888538383,0.4444444444444444,0.21364985163204747,0.6314935064935064,0.6812339331619537,0
bbox_coverage.min_coverage,0.5313292845913055,0.8855488076521758,0.4444444444444444,0.21364985163204747,0.6314935064935064,0.6812339331619537,0
bbox_coverage.min_coverage,0.6,1.0,0.4444444444444444,0.21364985163204747,0.6314935064935064,0.6812339331619537,0
bbox_coverage.min_coverage,0.6223329772884783,1.0372216288141305,0.4336917562724014,0.21364985163204747,0.6266233766233766,0.6865284974093264,6
bbox_coverage.min_coverage,0.7289233736074769,1.214872289345795,0.43010752688172044,0.2166172106824926,0.6233766233766234,0.6875,25
bbox_coverage.min_coverage,0.8537700941163708,1.4229501568606182,0.3835125448028674,0.2522255192878338,0.5827922077922078,0.7019498607242339,84
bbox_coverage.min_coverage,1.0,1.6666666666666667,0.30824372759856633,0.2997032640949555,0.5227272727272727,0.7329192546583851,140
planarity.plane_rmse_max_m,0.000625,0.25,0.4229390681003584,0.2166172106824926,0.6201298701298701,0.6910994764397905,50
planarity.plane_rmse_max_m,0.0007874506561842959,0.31498026247371835,0.4444444444444444,0.21364985163204747,0.6314935064935064,0.6812339331619537,34
planarity.plane_rmse_max_m,0.0009921256574801256,0.39685026299205023,0.4444444444444444,0.21364985163204747,0.6314935064935064,0.6812339331619537,33
planarity.plane_rmse_max_m,0.0012500000000000007,0.5000000000000002,0.4444444444444444,0.21364985163204747,0.6314935064935064,0.6812339331619537,29
planarity.plane_rmse_max_m,0.001574901312368592,0.6299605249474368,0.4444444444444444,0.21364985163204747,0.6314935064935064,0.6812339331619537,27
planarity.plane_rmse_max_m,0.0019842513149602495,0.7937005259840998,0.4444444444444444,0.21364985163204747,0.6314935064935064,0.6812339331619537,25
planarity.plane_rmse_max_m,0.002499999999999999,0.9999999999999997,0.4444444444444444,0.21364985163204747,0.6314935064935064,0.6812339331619537,20
planarity.plane_rmse_max_m,0.0025,1.0,0.4444444444444444,0.21364985163204747,0.6314935064935064,0.6812339331619537,20
planarity.plane_rmse_max_m,0.0031498026247371845,1.2599210498948739,0.4444444444444444,0.21364985163204747,0.6314935064935064,0.6812339331619537,18
planarity.plane_rmse_max_m,0.003968502629920499,1.5874010519681996,0.4444444444444444,0.21364985163204747,0.6314935064935064,0.6812339331619537,14
planarity.plane_rmse_max_m,0.004999999999999999,1.9999999999999996,0.4444444444444444,0.21364985163204747,0.6314935064935064,0.6812339331619537,12
planarity.plane_rmse_max_m,0.00629960524947437,2.5198420997897477,0.4444444444444444,0.21364985163204747,0.6314935064935064,0.6812339331619537,11
planarity.plane_rmse_max_m,0.007937005259841,3.1748021039364,0.4444444444444444,0.21364985163204747,0.6314935064935064,0.6812339331619537,9
planarity.plane_rmse_max_m,0.01,4.0,0.4444444444444444,0.21364985163204747,0.6314935064935064,0.6812339331619537,7
normal_angle.normal_angle_max_deg,7.5,0.25,0.3835125448028674,0.2818991097922849,0.5665584415584416,0.6934097421203438,150
normal_angle.normal_angle_max_deg,9.44940787421155,0.31498026247371835,0.3978494623655914,0.27299703264094954,0.577922077922078,0.6882022471910112,139
normal_angle.normal_angle_max_deg,11.905507889761497,0.3968502629920499,0.40860215053763443,0.27299703264094954,0.5827922077922078,0.6824512534818942,125
normal_angle.normal_angle_max_deg,15.000000000000004,0.5000000000000001,0.41935483870967744,0.27002967359050445,0.5892857142857143,0.6776859504132231,107
normal_angle.normal_angle_max_deg,18.898815748423097,0.6299605249474366,0.43010752688172044,0.24925816023738873,0.6055194805194806,0.67828418230563,90
normal_angle.normal_angle_max_deg,23.811015779522982,0.7937005259840995,0.43727598566308246,0.2166172106824926,0.6266233766233766,0.6839378238341969,69
normal_angle.normal_angle_max_deg,29.999999999999996,0.9999999999999999,0.4444444444444444,0.21364985163204747,0.6314935064935064,0.6812339331619537,53
normal_angle.normal_angle_max_deg,30.0,1.0,0.4444444444444444,0.21364985163204747,0.6314935064935064,0.6812339331619537,53
normal_angle.normal_angle_max_deg,37.7976314968462,1.2599210498948734,0.45161290322580644,0.21364985163204747,0.6347402597402597,0.6777493606138107,39
normal_angle.normal_angle_max_deg,47.62203155904597,1.5874010519681991,0.45161290322580644,0.21364985163204747,0.6347402597402597,0.6777493606138107,27
normal_angle.normal_angle_max_deg,59.99999999999997,1.9999999999999991,0.45161290322580644,0.21364985163204747,0.6347402597402597,0.6777493606138107,15
normal_angle.normal_angle_max_deg,75.59526299369237,2.519842099789746,0.45161290322580644,0.21364985163204747,0.6347402597402597,0.6777493606138107,7
normal_angle.normal_angle_max_deg,95.24406311809196,3.1748021039363987,0.45161290322580644,0.21364985163204747,0.6347402597402597,0.6777493606138107,0
normal_angle.normal_angle_max_deg,120.0,4.0,0.45161290322580644,0.21364985163204747,0.6347402597402597,0.6777493606138107,0
normal_scatter.normal_scatter_max,0.05,0.25,0.43010752688172044,0.2166172106824926,0.6233766233766234,0.6875,87
normal_scatter.normal_scatter_max,0.06299605249474366,0.3149802624737183,0.44086021505376344,0.2166172106824926,0.6282467532467533,0.6821705426356589,73
normal_scatter.normal_scatter_max,0.07937005259840996,0.3968502629920498,0.44086021505376344,0.2166172106824926,0.6282467532467533,0.6821705426356589,66
normal_scatter.normal_scatter_max,0.1,0.5,0.4444444444444444,0.21364985163204747,0.6314935064935064,0.6812339331619537,55
normal_scatter.normal_scatter_max,0.1259921049894873,0.6299605249474364,0.4444444444444444,0.21364985163204747,0.6314935064935064,0.6812339331619537,48
normal_scatter.normal_scatter_max,0.15874010519681994,0.7937005259840997,0.4444444444444444,0.21364985163204747,0.6314935064935064,0.6812339331619537,43
normal_scatter.normal_scatter_max,0.19999999999999998,0.9999999999999999,0.4444444444444444,0.21364985163204747,0.6314935064935064,0.6812339331619537,34
normal_scatter.normal_scatter_max,0.2,1.0,0.4444444444444444,0.21364985163204747,0.6314935064935064,0.6812339331619537,34
normal_scatter.normal_scatter_max,0.2519842099789746,1.2599210498948727,0.4444444444444444,0.21364985163204747,0.6314935064935064,0.6812339331619537,31
normal_scatter.normal_scatter_max,0.31748021039363983,1.5874010519681991,0.4444444444444444,0.21364985163204747,0.6314935064935064,0.6812339331619537,27
normal_scatter.normal_scatter_max,0.3999999999999999,1.9999999999999996,0.4444444444444444,0.21364985163204747,0.6314935064935064,0.6812339331619537,20
normal_scatter.normal_scatter_max,0.5039684199579493,2.5198420997897464,0.4444444444444444,0.21364985163204747,0.6314935064935064,0.6812339331619537,18
normal_scatter.normal_scatter_max,0.6349604207872795,3.1748021039363974,0.4444444444444444,0.21364985163204747,0.6314935064935064,0.6812339331619537,11
normal_scatter.normal_scatter_max,0.8,4.0,0.4444444444444444,0.21364985163204747,0.6314935064935064,0.6812339331619537,7
suction_area.min_area_ratio,0.2375,0.25,0.4551971326164875,0.20474777448071216,0.6412337662337663,0.6784810126582278,3
suction_area.min_area_ratio,0.30104166666666665,0.3168859649122807,0.4551971326164875,0.20474777448071216,0.6412337662337663,0.6784810126582278,3
suction_area.min_area_ratio,0.3645833333333333,0.3837719298245614,0.4551971326164875,0.20474777448071216,0.6412337662337663,0.6784810126582278,3
suction_area.min_area_ratio,0.428125,0.4506578947368421,0.4551971326164875,0.20474777448071216,0.6412337662337663,0.6784810126582278,3
suction_area.min_area_ratio,0.49166666666666664,0.5175438596491228,0.4551971326164875,0.20474777448071216,0.6412337662337663,0.6784810126582278,4
suction_area.min_area_ratio,0.5552083333333333,0.5844298245614035,0.4551971326164875,0.20474777448071216,0.6412337662337663,0.6784810126582278,4
suction_area.min_area_ratio,0.6187499999999999,0.6513157894736842,0.4551971326164875,0.20474777448071216,0.6412337662337663,0.6784810126582278,10
suction_area.min_area_ratio,0.6822916666666666,0.7182017543859649,0.4551971326164875,0.20474777448071216,0.6412337662337663,0.6784810126582278,17
suction_area.min_area_ratio,0.7458333333333333,0.7850877192982456,0.4551971326164875,0.20474777448071216,0.6412337662337663,0.6784810126582278,26
suction_area.min_area_ratio,0.809375,0.8519736842105263,0.4551971326164875,0.20771513353115728,0.6396103896103896,0.6776649746192893,35
suction_area.min_area_ratio,0.8729166666666666,0.9188596491228069,0.4551971326164875,0.20771513353115728,0.6396103896103896,0.6776649746192893,44
suction_area.min_area_ratio,0.9364583333333334,0.9857456140350879,0.4444444444444444,0.21364985163204747,0.6314935064935064,0.6812339331619537,67
suction_area.min_area_ratio,0.95,1.0,0.4444444444444444,0.21364985163204747,0.6314935064935064,0.6812339331619537,67
suction_area.min_area_ratio,1.0,1.0526315789473684,0.4265232974910394,0.2166172106824926,0.6217532467532467,0.6892950391644909,87
edge_clearance.edge_clearance_min_m,0.0075,0.25,0.4444444444444444,0.21364985163204747,0.6314935064935064,0.6812339331619537,5
edge_clearance.edge_clearance_min_m,0.009449407874211547,0.31498026247371824,0.4444444444444444,0.21364985163204747,0.6314935064935064,0.6812339331619537,7
edge_clearance.edge_clearance_min_m,0.011905507889761496,0.3968502629920499,0.4444444444444444,0.21364985163204747,0.6314935064935064,0.6812339331619537,9
edge_clearance.edge_clearance_min_m,0.015000000000000003,0.5000000000000001,0.4444444444444444,0.21364985163204747,0.6314935064935064,0.6812339331619537,12
edge_clearance.edge_clearance_min_m,0.018898815748423097,0.6299605249474366,0.4444444444444444,0.21364985163204747,0.6314935064935064,0.6812339331619537,23
edge_clearance.edge_clearance_min_m,0.023811015779522982,0.7937005259840995,0.4444444444444444,0.21364985163204747,0.6314935064935064,0.6812339331619537,25
edge_clearance.edge_clearance_min_m,0.029999999999999995,0.9999999999999999,0.4444444444444444,0.21364985163204747,0.6314935064935064,0.6812339331619537,31
edge_clearance.edge_clearance_min_m,0.03,1.0,0.4444444444444444,0.21364985163204747,0.6314935064935064,0.6812339331619537,33
edge_clearance.edge_clearance_min_m,0.0377976314968462,1.2599210498948734,0.017921146953405017,0.9970326409495549,0.00974025974025974,0.16666666666666666,570
edge_clearance.edge_clearance_min_m,0.04762203155904597,1.5874010519681991,0.017921146953405017,0.9970326409495549,0.00974025974025974,0.16666666666666666,593
edge_clearance.edge_clearance_min_m,0.05999999999999997,1.9999999999999991,0.0,1.0,0.0,0.0,616
edge_clearance.edge_clearance_min_m,0.07559526299369236,2.5198420997897455,0.0,1.0,0.0,0.0,616
edge_clearance.edge_clearance_min_m,0.09524406311809196,3.1748021039363987,0.0,1.0,0.0,0.0,616
edge_clearance.edge_clearance_min_m,0.12,4.0,0.0,1.0,0.0,0.0,616
data_gaps.max_empty_cell_fraction,0.02,0.25,0.44086021505376344,0.2166172106824926,0.6282467532467533,0.6821705426356589,68
data_gaps.max_empty_cell_fraction,0.025198420997897472,0.3149802624737184,0.4444444444444444,0.2166172106824926,0.6298701298701299,0.6804123711340206,64
data_gaps.max_empty_cell_fraction,0.03174802103936399,0.3968502629920499,0.4444444444444444,0.2166172106824926,0.6298701298701299,0.6804123711340206,64
data_gaps.max_empty_cell_fraction,0.04000000000000001,0.5000000000000001,0.4444444444444444,0.21364985163204747,0.6314935064935064,0.6812339331619537,61
data_gaps.max_empty_cell_fraction,0.05039684199579492,0.6299605249474365,0.4444444444444444,0.21364985163204747,0.6314935064935064,0.6812339331619537,58
data_gaps.max_empty_cell_fraction,0.06349604207872799,0.7937005259840998,0.4444444444444444,0.21364985163204747,0.6314935064935064,0.6812339331619537,55
data_gaps.max_empty_cell_fraction,0.08,1.0,0.4444444444444444,0.21364985163204747,0.6314935064935064,0.6812339331619537,52
data_gaps.max_empty_cell_fraction,0.08000000000000003,1.0000000000000004,0.4444444444444444,0.21364985163204747,0.6314935064935064,0.6812339331619537,52
data_gaps.max_empty_cell_fraction,0.10079368399158986,1.2599210498948732,0.4444444444444444,0.21364985163204747,0.6314935064935064,0.6812339331619537,51
data_gaps.max_empty_cell_fraction,0.12699208415745597,1.5874010519681996,0.4444444444444444,0.20771513353115728,0.6347402597402597,0.6828644501278772,40
data_gaps.max_empty_cell_fraction,0.16,2.0,0.4444444444444444,0.20771513353115728,0.6347402597402597,0.6828644501278772,35
data_gaps.max_empty_cell_fraction,0.20158736798317975,2.519842099789747,0.4444444444444444,0.20771513353115728,0.6347402597402597,0.6828644501278772,32
data_gaps.max_empty_cell_fraction,0.2539841683149119,3.1748021039363983,0.44802867383512546,0.20771513353115728,0.6363636363636364,0.6811224489795918,25
data_gaps.max_empty_cell_fraction,0.32,4.0,0.44802867383512546,0.20771513353115728,0.6363636363636364,0.6811224489795918,14
depth_seam.depth_seam_span_ratio,0.1,0.25,0.4444444444444444,0.21364985163204747,0.6314935064935064,0.6812339331619537,39
depth_seam.depth_seam_span_ratio,0.12115276586285885,0.3028819146571471,0.4444444444444444,0.21364985163204747,0.6314935064935064,0.6812339331619537,39
depth_seam.depth_seam_span_ratio,0.14677992676220694,0.3669498169055173,0.4444444444444444,0.21364985163204747,0.6314935064935064,0.6812339331619537,25
depth_seam.depth_seam_span_ratio,0.1778279410038923,0.4445698525097307,0.4444444444444444,0.21364985163204747,0.6314935064935064,0.6812339331619537,20
depth_seam.depth_seam_span_ratio,0.21544346900318834,0.5386086725079708,0.4444444444444444,0.21364985163204747,0.6314935064935064,0.6812339331619537,19
depth_seam.depth_seam_span_ratio,0.26101572156825364,0.6525393039206341,0.4444444444444444,0.21364985163204747,0.6314935064935064,0.6812339331619537,17
depth_seam.depth_seam_span_ratio,0.31622776601683794,0.7905694150420948,0.4444444444444444,0.21364985163204747,0.6314935064935064,0.6812339331619537,15
depth_seam.depth_seam_span_ratio,0.3831186849557287,0.9577967123893217,0.4444444444444444,0.21364985163204747,0.6314935064935064,0.6812339331619537,12
depth_seam.depth_seam_span_ratio,0.4,1.0,0.4444444444444444,0.21364985163204747,0.6314935064935064,0.6812339331619537,12
depth_seam.depth_seam_span_ratio,0.46415888336127786,1.1603972084031946,0.4444444444444444,0.21364985163204747,0.6314935064935064,0.6812339331619537,9
depth_seam.depth_seam_span_ratio,0.5623413251903491,1.4058533129758726,0.4444444444444444,0.21364985163204747,0.6314935064935064,0.6812339331619537,8
depth_seam.depth_seam_span_ratio,0.6812920690579611,1.7032301726449028,0.4444444444444444,0.21364985163204747,0.6314935064935064,0.6812339331619537,6
depth_seam.depth_seam_span_ratio,0.8254041852680184,2.063510463170046,0.4444444444444444,0.21364985163204747,0.6314935064935064,0.6812339331619537,4
depth_seam.depth_seam_span_ratio,1.0,2.5,0.4444444444444444,0.21364985163204747,0.6314935064935064,0.6812339331619537,3
surface_warp.max_peak_to_valley_m,0.002,0.25,0.3942652329749104,0.2403560830860534,0.5941558441558441,0.6994535519125683,134
surface_warp.max_peak_to_valley_m,0.002519842099789746,0.31498026247371824,0.4014336917562724,0.2403560830860534,0.5974025974025974,0.6956521739130435,131
surface_warp.max_peak_to_valley_m,0.0031748021039364007,0.39685026299205006,0.40860215053763443,0.23738872403560832,0.6022727272727273,0.692722371967655,120
surface_warp.max_peak_to_valley_m,0.004000000000000001,0.5000000000000001,0.4121863799283154,0.23738872403560832,0.6038961038961039,0.6908602150537635,114
surface_warp.max_peak_to_valley_m,0.005039684199579493,0.6299605249474366,0.41935483870967744,0.23738872403560832,0.6071428571428571,0.6871657754010695,104
surface_warp.max_peak_to_valley_m,0.006349604207872796,0.7937005259840995,0.43010752688172044,0.2166172106824926,0.6233766233766234,0.6875,88
surface_warp.max_peak_to_valley_m,0.008,1.0,0.4444444444444444,0.21364985163204747,0.6314935064935064,0.6812339331619537,80
surface_warp.max_peak_to_valley_m,0.008000000000000004,1.0000000000000004,0.4444444444444444,0.21364985163204747,0.6314935064935064,0.6812339331619537,80
surface_warp.max_peak_to_valley_m,0.010079368399158987,1.2599210498948734,0.44802867383512546,0.21364985163204747,0.6331168831168831,0.6794871794871795,71
surface_warp.max_peak_to_valley_m,0.012699208415745594,1.5874010519681991,0.45161290322580644,0.21364985163204747,0.6347402597402597,0.6777493606138107,67
surface_warp.max_peak_to_valley_m,0.016,2.0,0.45161290322580644,0.21364985163204747,0.6347402597402597,0.6777493606138107,60
surface_warp.max_peak_to_valley_m,0.020158736798317974,2.519842099789747,0.45161290322580644,0.21364985163204747,0.6347402597402597,0.6777493606138107,44
surface_warp.max_peak_to_valley_m,0.025398416831491192,3.1748021039363987,0.45161290322580644,0.21364985163204747,0.6347402597402597,0.6777493606138107,34
surface_warp.max_peak_to_valley_m,0.032,4.0,0.45161290322580644,0.21364985163204747,0.6347402597402597,0.6777493606138107,25
normal_alignment.normal_alignment_max_deg,7.5,0.25,0.4444444444444444,0.21364985163204747,0.6314935064935064,0.6812339331619537,29
normal_alignment.normal_alignment_max_deg,9.44940787421155,0.31498026247371835,0.4444444444444444,0.21364985163204747,0.6314935064935064,0.6812339331619537,24
normal_alignment.normal_alignment_max_deg,11.905507889761497,0.3968502629920499,0.4444444444444444,0.21364985163204747,0.6314935064935064,0.6812339331619537,21
normal_alignment.normal_alignment_max_deg,15.000000000000004,0.5000000000000001,0.4444444444444444,0.21364985163204747,0.6314935064935064,0.6812339331619537,19
normal_alignment.normal_alignment_max_deg,18.898815748423097,0.6299605249474366,0.4444444444444444,0.21364985163204747,0.6314935064935064,0.6812339331619537,19
normal_alignment.normal_alignment_max_deg,23.811015779522982,0.7937005259840995,0.4444444444444444,0.21364985163204747,0.6314935064935064,0.6812339331619537,19
normal_alignment.normal_alignment_max_deg,29.999999999999996,0.9999999999999999,0.4444444444444444,0.21364985163204747,0.6314935064935064,0.6812339331619537,17
normal_alignment.normal_alignment_max_deg,30.0,1.0,0.4444444444444444,0.21364985163204747,0.6314935064935064,0.6812339331619537,17
normal_alignment.normal_alignment_max_deg,37.7976314968462,1.2599210498948734,0.4444444444444444,0.21364985163204747,0.6314935064935064,0.6812339331619537,16
normal_alignment.normal_alignment_max_deg,47.62203155904597,1.5874010519681991,0.4444444444444444,0.21364985163204747,0.6314935064935064,0.6812339331619537,12
normal_alignment.normal_alignment_max_deg,59.99999999999997,1.9999999999999991,0.4444444444444444,0.21364985163204747,0.6314935064935064,0.6812339331619537,9
normal_alignment.normal_alignment_max_deg,75.59526299369237,2.519842099789746,0.4444444444444444,0.21364985163204747,0.6314935064935064,0.6812339331619537,2
normal_alignment.normal_alignment_max_deg,95.24406311809196,3.1748021039363987,0.4444444444444444,0.21364985163204747,0.6314935064935064,0.6812339331619537,0
normal_alignment.normal_alignment_max_deg,120.0,4.0,0.4444444444444444,0.21364985163204747,0.6314935064935064,0.6812339331619537,0
surface_warp_robust.max_peak_to_valley_robust_m,0.0015,0.25,0.4050179211469534,0.2403560830860534,0.599025974025974,0.6937669376693767,124
surface_warp_robust.max_peak_to_valley_robust_m,0.0018898815748423095,0.31498026247371824,0.40860215053763443,0.2403560830860534,0.6006493506493507,0.6918918918918919,121
surface_warp_robust.max_peak_to_valley_robust_m,0.0023811015779523007,0.3968502629920501,0.4157706093189964,0.23738872403560832,0.6055194805194806,0.6890080428954424,108
surface_warp_robust.max_peak_to_valley_robust_m,0.003000000000000001,0.5000000000000001,0.4157706093189964,0.23738872403560832,0.6055194805194806,0.6890080428954424,103
surface_warp_robust.max_peak_to_valley_robust_m,0.00377976314968462,0.6299605249474366,0.4265232974910394,0.23738872403560832,0.6103896103896104,0.6835106382978723,93
surface_warp_robust.max_peak_to_valley_robust_m,0.004762203155904598,0.7937005259840996,0.44086021505376344,0.21364985163204747,0.6298701298701299,0.6829896907216495,74
surface_warp_robust.max_peak_to_valley_robust_m,0.006,1.0,0.4444444444444444,0.21364985163204747,0.6314935064935064,0.6812339331619537,72
surface_warp_robust.max_peak_to_valley_robust_m,0.006000000000000003,1.0000000000000004,0.4444444444444444,0.21364985163204747,0.6314935064935064,0.6812339331619537,72
surface_warp_robust.max_peak_to_valley_robust_m,0.007559526299369241,1.2599210498948734,0.4444444444444444,0.21364985163204747,0.6314935064935064,0.6812339331619537,66
surface_warp_robust.max_peak_to_valley_robust_m,0.009524406311809196,1.5874010519681991,0.4444444444444444,0.21364985163204747,0.6314935064935064,0.6812339331619537,58
surface_warp_robust.max_peak_to_valley_robust_m,0.012000000000000002,2.0000000000000004,0.4444444444444444,0.21364985163204747,0.6314935064935064,0.6812339331619537,50
surface_warp_robust.max_peak_to_valley_robust_m,0.015119052598738483,2.5198420997897473,0.4444444444444444,0.21364985163204747,0.6314935064935064,0.6812339331619537,37
surface_warp_robust.max_peak_to_valley_robust_m,0.019048812623618395,3.174802103936399,0.4444444444444444,0.21364985163204747,0.6314935064935064,0.6812339331619537,27
surface_warp_robust.max_peak_to_valley_robust_m,0.024,4.0,0.4444444444444444,0.21364985163204747,0.6314935064935064,0.6812339331619537,21
suction_force.holdability_safety_factor,0.5,0.25,0.4444444444444444,0.21364985163204747,0.6314935064935064,0.6812339331619537,10
suction_force.holdability_safety_factor,0.6299605249474366,0.3149802624737183,0.4444444444444444,0.21364985163204747,0.6314935064935064,0.6812339331619537,13
suction_force.holdability_safety_factor,0.7937005259840997,0.39685026299204984,0.4444444444444444,0.21364985163204747,0.6314935064935064,0.6812339331619537,17
suction_force.holdability_safety_factor,1.0,0.5,0.4444444444444444,0.21364985163204747,0.6314935064935064,0.6812339331619537,19
suction_force.holdability_safety_factor,1.2599210498948732,0.6299605249474366,0.4444444444444444,0.21364985163204747,0.6314935064935064,0.6812339331619537,22
suction_force.holdability_safety_factor,1.5874010519681996,0.7937005259840998,0.4444444444444444,0.21364985163204747,0.6314935064935064,0.6812339331619537,27
suction_force.holdability_safety_factor,2.0,1.0,0.4444444444444444,0.21364985163204747,0.6314935064935064,0.6812339331619537,32
suction_force.holdability_safety_factor,2.5198420997897464,1.2599210498948732,0.4444444444444444,0.22551928783382788,0.625,0.6779220779220779,41
suction_force.holdability_safety_factor,3.174802103936399,1.5874010519681996,0.4444444444444444,0.23738872403560832,0.6185064935064936,0.6745406824146981,48
suction_force.holdability_safety_factor,3.999999999999999,1.9999999999999996,0.44086021505376344,0.24629080118694363,0.612012987012987,0.6737400530503979,57
suction_force.holdability_safety_factor,5.039684199579493,2.5198420997897464,0.4336917562724014,0.2551928783382789,0.6038961038961039,0.6747311827956989,64
suction_force.holdability_safety_factor,6.349604207872796,3.174802103936398,0.4336917562724014,0.2818991097922849,0.5892857142857143,0.6666666666666666,78
suction_force.holdability_safety_factor,8.0,4.0,0.4229390681003584,0.3086053412462908,0.5698051948051948,0.6638176638176638,95
wrench_lever.moment_threshold,1.08,0.25,0.4229390681003584,0.3026706231454006,0.573051948051948,0.6657223796033994,94
wrench_lever.moment_threshold,1.3607147338864631,0.3149802624737183,0.44086021505376344,0.29376854599406527,0.586038961038961,0.6592797783933518,83
wrench_lever.moment_threshold,1.7143931361256555,0.39685026299204984,0.44086021505376344,0.27002967359050445,0.599025974025974,0.6666666666666666,71
wrench_lever.moment_threshold,2.16,0.5,0.44086021505376344,0.2551928783382789,0.6071428571428571,0.6711229946524064,60
wrench_lever.moment_threshold,2.721429467772926,0.6299605249474365,0.4444444444444444,0.23738872403560832,0.6185064935064936,0.6745406824146981,51
wrench_lever.moment_threshold,3.4287862722513114,0.7937005259840998,0.4444444444444444,0.22255192878338279,0.6266233766233766,0.6787564766839378,44
wrench_lever.moment_threshold,4.32,1.0,0.4444444444444444,0.21364985163204747,0.6314935064935064,0.6812339331619537,37
wrench_lever.moment_threshold,5.4428589355458525,1.2599210498948732,0.4444444444444444,0.20771513353115728,0.6347402597402597,0.6828644501278772,32
wrench_lever.moment_threshold,6.857572544502622,1.5874010519681994,0.4444444444444444,0.20771513353115728,0.6347402597402597,0.6828644501278772,27
wrench_lever.moment_threshold,8.64,2.0,0.4444444444444444,0.20771513353115728,0.6347402597402597,0.6828644501278772,21
wrench_lever.moment_threshold,10.885717871091703,2.519842099789746,0.4444444444444444,0.20474777448071216,0.6363636363636364,0.6836734693877551,16
wrench_lever.moment_threshold,13.715145089005238,3.1748021039363974,0.4444444444444444,0.20474777448071216,0.6363636363636364,0.6836734693877551,14
wrench_lever.moment_threshold,17.28,4.0,0.4444444444444444,0.20474777448071216,0.6363636363636364,0.6836734693877551,12
corridor_clear.noise_point_tolerance,0.0,0.0,0.4444444444444444,0.2166172106824926,0.6298701298701299,0.6804123711340206,97
corridor_clear.noise_point_tolerance,1.0,0.2,0.4444444444444444,0.2166172106824926,0.6298701298701299,0.6804123711340206,96
corridor_clear.noise_point_tolerance,2.0,0.4,0.4444444444444444,0.2166172106824926,0.6298701298701299,0.6804123711340206,95
corridor_clear.noise_point_tolerance,3.0,0.6,0.4444444444444444,0.21364985163204747,0.6314935064935064,0.6812339331619537,92
corridor_clear.noise_point_tolerance,5.0,1.0,0.4444444444444444,0.21364985163204747,0.6314935064935064,0.6812339331619537,92
corridor_clear.noise_point_tolerance,7.0,1.4,0.4444444444444444,0.21364985163204747,0.6314935064935064,0.6812339331619537,90
corridor_clear.noise_point_tolerance,10.0,2.0,0.44802867383512546,0.21364985163204747,0.6331168831168831,0.6794871794871795,87
corridor_clear.noise_point_tolerance,15.0,3.0,0.44802867383512546,0.21364985163204747,0.6331168831168831,0.6794871794871795,87
corridor_clear.noise_point_tolerance,20.0,4.0,0.45161290322580644,0.21364985163204747,0.6347402597402597,0.6777493606138107,86
